{"cameraMode":{"drawMode":0,"name":"Shaded","section":"Shading Mode"},"sceneLighting":false,"audioPlay":false,"sceneViewState":{"showFog":true,"showMaterialUpdate":false,"showSkybox":true,"showFlares":true,"showImageEffects":true,"showParticleSystems":true},"in2DMode":false,"pivot":{"x":32.70026397705078,"y":0.9513735771179199,"z":-0.05756358802318573},"rotation":{"x":0.03003755956888199,"y":0.7414700984954834,"z":-0.033234089612960818,"w":0.6695581078529358},"size":8.477962493896485,"orthographic":false}